epoch,time,train/box_loss,train/cls_loss,train/dfl_loss,metrics/precision(B),metrics/recall(B),metrics/mAP50(B),metrics/mAP50-95(B),val/box_loss,val/cls_loss,val/dfl_loss,lr/pg0,lr/pg1,lr/pg2
1,26.5326,1.07423,2.08271,1.39397,0.11952,0.19118,0.06046,0.04311,1.59072,4.35651,2.06794,0.000395402,0.000395402,0.000395402
2,51.5283,1.01888,0.92916,1.31369,0.65949,0.55147,0.54565,0.22447,2.1969,4.00006,3.0449,0.000795316,0.000795316,0.000795316
3,76.6476,1.06346,0.92892,1.32822,0.77998,0.80882,0.81261,0.52582,1.33613,1.5855,1.81006,0.00119488,0.00119488,0.00119488
4,101.563,1.00627,0.87073,1.30445,0.59383,0.58088,0.61231,0.36198,nan,nan,nan,0.00159384,0.00159384,0.00159384
5,126.341,1.04892,0.9113,1.34239,0.87571,0.68382,0.81706,0.51842,1.28632,2.00768,1.72115,0.00199194,0.00199194,0.00199194
6,151.151,1.01033,0.85019,1.30596,0.78522,0.77206,0.79533,0.37887,1.88527,1.7926,2.40142,0.00199458,0.00199458,0.00199458
7,175.99,0.9873,0.80565,1.27354,0.865,0.80147,0.83333,0.45367,1.68242,1.70602,1.93565,0.00199219,0.00199219,0.00199219
8,201.127,0.98241,0.79589,1.26938,0.93628,0.80147,0.86749,0.60791,1.17695,0.8744,1.55052,0.00198938,0.00198938,0.00198938
9,226.002,0.95705,0.76288,1.25967,0.88448,0.84451,0.8907,0.62939,1.13068,0.95713,1.39166,0.00198614,0.00198614,0.00198614
10,251.196,0.92827,0.75496,1.24244,0.92488,0.75,0.82796,0.66882,0.92187,0.86479,1.27354,0.00198246,0.00198246,0.00198246
11,276.953,0.91263,0.73715,1.23028,0.91487,0.80147,0.83562,0.42475,1.74912,1.12617,2.17794,0.00197837,0.00197837,0.00197837
12,302.943,0.90078,0.69532,1.20604,0.95217,0.87825,0.9293,0.59137,1.39335,0.86427,1.58912,0.00197384,0.00197384,0.00197384
13,328.657,0.91248,0.69889,1.22818,0.91053,0.875,0.90507,0.65851,1.01464,0.80401,1.29216,0.0019689,0.0019689,0.0019689
14,354.479,0.86275,0.68099,1.205,0.84751,0.81731,0.86638,0.71259,0.73627,0.79889,1.12996,0.00196353,0.00196353,0.00196353
15,380.144,0.83792,0.65407,1.19964,0.94292,0.86029,0.90585,0.70279,0.88993,0.66022,1.28472,0.00195775,0.00195775,0.00195775
16,405.848,0.8096,0.65806,1.1807,0.91349,0.85407,0.89693,0.67386,0.95437,0.72502,1.26937,0.00195155,0.00195155,0.00195155
17,431.624,0.7994,0.63901,1.15362,0.91745,0.89893,0.92257,0.76784,0.70253,0.59005,1.0758,0.00194493,0.00194493,0.00194493
18,457.677,0.77465,0.6136,1.1415,0.96655,0.84992,0.91258,0.76641,0.69057,0.6954,1.11085,0.00193791,0.00193791,0.00193791
19,483.37,0.78667,0.61448,1.16213,0.92529,0.91065,0.93614,0.75432,0.79014,0.59114,1.14044,0.00193048,0.00193048,0.00193048
20,509.355,0.77685,0.63058,1.14631,0.94176,0.86029,0.90765,0.76954,0.69174,0.60813,1.08932,0.00192264,0.00192264,0.00192264
21,535.898,0.73791,0.58446,1.12397,0.91913,0.89706,0.93513,0.79171,0.6904,0.57715,1.09156,0.00191441,0.00191441,0.00191441
22,562.496,0.74218,0.60494,1.1317,0.97018,0.88235,0.93567,0.79295,0.59603,0.5477,1.01794,0.00190578,0.00190578,0.00190578
23,589.152,0.72321,0.57733,1.11775,0.94667,0.91176,0.92901,0.77618,0.66051,0.55659,1.0424,0.00189675,0.00189675,0.00189675
24,614.974,0.71216,0.56891,1.12069,0.93436,0.86765,0.89859,0.8013,0.51803,0.62402,0.9906,0.00188734,0.00188734,0.00188734
25,642.041,0.73715,0.56924,1.12718,0.9512,0.875,0.92056,0.80688,0.60529,0.56194,1.03352,0.00187754,0.00187754,0.00187754
26,668.65,0.72769,0.57919,1.12612,0.94882,0.88971,0.92663,0.77957,0.64913,0.53824,1.04996,0.00186737,0.00186737,0.00186737
27,694.789,0.68584,0.55252,1.09867,0.93737,0.88043,0.93459,0.80381,0.61257,0.53948,1.0298,0.00185681,0.00185681,0.00185681
28,720.559,0.70663,0.55097,1.11427,0.93995,0.86029,0.90586,0.80966,0.56162,0.57723,1.03942,0.00184588,0.00184588,0.00184588
29,748.012,0.70127,0.53945,1.10364,0.93607,0.86029,0.90329,0.79723,0.53339,0.70132,1.01661,0.00183459,0.00183459,0.00183459
30,777.135,0.69492,0.54052,1.10087,0.92914,0.90441,0.91067,0.8261,0.52075,0.58051,1.00752,0.00182294,0.00182294,0.00182294
31,803.139,0.70907,0.55106,1.11531,0.95269,0.92647,0.93978,0.82447,0.557,0.47884,1.00046,0.00181093,0.00181093,0.00181093
32,828.918,0.67771,0.52967,1.09284,0.94701,0.91987,0.93393,0.79409,0.66703,0.50467,1.04313,0.00179856,0.00179856,0.00179856
33,854.616,0.65804,0.5218,1.08395,0.95105,0.89706,0.93645,0.84202,0.49678,0.49658,0.96603,0.00178586,0.00178586,0.00178586
34,880.396,0.65428,0.52798,1.08607,0.95408,0.91665,0.93796,0.82383,0.53328,0.45071,0.97733,0.00177281,0.00177281,0.00177281
35,906.1,0.67812,0.52296,1.09285,0.95311,0.91176,0.93955,0.8512,0.50136,0.44704,0.96148,0.00175943,0.00175943,0.00175943
36,933.298,0.70072,0.52812,1.10656,0.9248,0.92647,0.92865,0.81571,0.5689,0.48775,1.01485,0.00174571,0.00174571,0.00174571
37,959.271,0.63859,0.51164,1.07538,0.96175,0.92445,0.93312,0.83878,0.51948,0.46122,0.95757,0.00173168,0.00173168,0.00173168
38,985.388,0.63817,0.49126,1.08041,0.96476,0.89706,0.92197,0.78429,0.63419,0.53968,1.01807,0.00171733,0.00171733,0.00171733
39,1011.77,0.6426,0.51673,1.07214,0.93113,0.92647,0.94155,0.79269,0.67843,0.49818,1.08999,0.00170267,0.00170267,0.00170267
40,1037.68,0.64882,0.51001,1.08338,0.93107,0.91912,0.9452,0.86788,0.46852,0.43648,0.95001,0.0016877,0.0016877,0.0016877
41,1063.89,0.63196,0.50488,1.06275,0.93861,0.88971,0.92638,0.84192,0.48665,0.51787,0.95967,0.00167244,0.00167244,0.00167244
42,1089.13,0.6229,0.49431,1.06976,0.95348,0.90441,0.93744,0.88418,0.40213,0.42874,0.91839,0.00165689,0.00165689,0.00165689
43,1114.36,0.62714,0.49698,1.07284,0.95859,0.91176,0.93626,0.84836,0.52137,0.49909,0.96804,0.00164105,0.00164105,0.00164105
44,1139.47,0.61416,0.48521,1.06049,0.94053,0.91176,0.93552,0.84119,0.48542,0.4994,0.99349,0.00162494,0.00162494,0.00162494
45,1164.91,0.61767,0.48721,1.05857,0.95847,0.92647,0.9428,0.84387,0.49138,0.46504,0.95109,0.00160855,0.00160855,0.00160855
46,1190.08,0.59532,0.47703,1.04809,0.9477,0.93277,0.94555,0.83166,0.58891,0.47899,1.01623,0.00159191,0.00159191,0.00159191
47,1215.31,0.61706,0.48886,1.06709,0.95874,0.91176,0.94611,0.87854,0.42184,0.4718,0.95354,0.00157501,0.00157501,0.00157501
48,1240.45,0.61951,0.49022,1.06884,0.9528,0.89706,0.94311,0.83884,0.53983,0.47405,0.99933,0.00155786,0.00155786,0.00155786
49,1265.82,0.59599,0.48034,1.05519,0.9548,0.932,0.94508,0.84908,0.49632,0.41236,0.95358,0.00154047,0.00154047,0.00154047
50,1291.4,0.56895,0.44444,1.03598,0.94633,0.90764,0.94522,0.8821,0.40931,0.42466,0.91028,0.00152285,0.00152285,0.00152285
51,1317.07,0.57247,0.45853,1.03377,0.94599,0.93382,0.94011,0.88203,0.42066,0.43862,0.93661,0.001505,0.001505,0.001505
52,1342.6,0.577,0.44985,1.04094,0.94766,0.9319,0.93822,0.86769,0.44554,0.40762,0.93386,0.00148694,0.00148694,0.00148694
53,1368.23,0.58027,0.46726,1.03857,0.96093,0.90417,0.93872,0.8943,0.38569,0.422,0.90472,0.00146866,0.00146866,0.00146866
54,1393.83,0.57263,0.45518,1.04164,0.96181,0.92586,0.94117,0.87934,0.40723,0.42572,0.922,0.00145019,0.00145019,0.00145019
55,1419.29,0.55671,0.44605,1.03946,0.95914,0.91912,0.93107,0.88359,0.39215,0.42146,0.92845,0.00143152,0.00143152,0.00143152
56,1447.84,0.57634,0.45535,1.04657,0.94436,0.92647,0.93656,0.86737,0.44247,0.43001,0.97144,0.00141267,0.00141267,0.00141267
57,1474.46,0.55825,0.44558,1.03163,0.93775,0.92647,0.93632,0.89271,0.38939,0.41501,0.91615,0.00139364,0.00139364,0.00139364
58,1501.07,0.56949,0.45048,1.03587,0.96179,0.92533,0.94349,0.86932,0.41776,0.40963,0.91413,0.00137444,0.00137444,0.00137444
59,1527.33,0.56045,0.44772,1.04557,0.94996,0.91176,0.94244,0.89467,0.37097,0.40142,0.89563,0.00135509,0.00135509,0.00135509
60,1553.23,0.53355,0.42526,1.01797,0.95384,0.91156,0.93184,0.88677,0.36779,0.42922,0.89679,0.00133558,0.00133558,0.00133558
61,1579.96,0.54782,0.43976,1.03179,0.94743,0.92768,0.93562,0.87027,0.4617,0.42537,0.93089,0.00131593,0.00131593,0.00131593
62,1606.01,0.54377,0.42107,1.0229,0.96205,0.93196,0.94961,0.86605,0.4694,0.42267,0.92685,0.00129614,0.00129614,0.00129614
63,1631.84,0.54793,0.42818,1.03425,0.95485,0.93304,0.94214,0.87479,0.41595,0.40272,0.93032,0.00127623,0.00127623,0.00127623
64,1658.2,0.54108,0.43945,1.02247,0.96713,0.91912,0.93497,0.89073,0.36107,0.42331,0.90614,0.0012562,0.0012562,0.0012562
65,1684.63,0.55358,0.43241,1.03786,0.9605,0.93382,0.9309,0.88088,0.39456,0.39949,0.91161,0.00123607,0.00123607,0.00123607
66,1711.28,0.53613,0.43093,1.01996,0.96567,0.92647,0.94526,0.89603,0.36219,0.37932,0.88578,0.00121583,0.00121583,0.00121583
67,1738.84,0.52808,0.419,1.02999,0.95485,0.93306,0.9311,0.89113,0.33994,0.39278,0.86213,0.00119551,0.00119551,0.00119551
68,1765.2,0.52713,0.40883,1.02288,0.95999,0.94118,0.94746,0.88657,0.39834,0.3426,0.91978,0.0011751,0.0011751,0.0011751
69,1791.48,0.52086,0.41609,1.0152,0.96196,0.93382,0.93666,0.88488,0.35109,0.35887,0.88762,0.00115462,0.00115462,0.00115462
70,1817.6,0.51697,0.40505,1.01226,0.96116,0.94118,0.94821,0.90263,0.34765,0.36129,0.87349,0.00113408,0.00113408,0.00113408
71,1844.59,0.52808,0.40309,1.00558,0.96172,0.94118,0.94641,0.89264,0.34376,0.35383,0.89708,0.00111348,0.00111348,0.00111348
72,1870.75,0.5368,0.41426,1.02025,0.95513,0.93917,0.92949,0.88469,0.35829,0.37159,0.88753,0.00109284,0.00109284,0.00109284
73,1897.41,0.51235,0.40048,1.01158,0.9606,0.89625,0.94019,0.89433,0.35185,0.40344,0.9038,0.00107216,0.00107216,0.00107216
74,1923.74,0.5097,0.40194,1.00903,0.96209,0.93305,0.93398,0.89246,0.29951,0.34689,0.85389,0.00105146,0.00105146,0.00105146
75,1949.77,0.51109,0.40533,1.01027,0.96147,0.91735,0.93891,0.88863,0.37045,0.43808,0.9182,0.00103073,0.00103073,0.00103073
76,1976.31,0.51276,0.40347,1.0166,0.9551,0.93845,0.94564,0.88729,0.38345,0.39135,0.90899,0.00101,0.00101,0.00101
77,2004.91,0.50913,0.40859,1.01337,0.94964,0.92647,0.94622,0.89735,0.32633,0.35977,0.8888,0.000989267,0.000989267,0.000989267
78,2030.65,0.49621,0.39116,1.00668,0.95307,0.92647,0.94336,0.91035,0.32993,0.36175,0.88334,0.000968543,0.000968543,0.000968543
79,2056.98,0.48762,0.38948,1.00657,0.95096,0.93382,0.94786,0.91184,0.29642,0.35044,0.85533,0.000947837,0.000947837,0.000947837
80,2089.15,0.50139,0.38984,1.0146,0.96042,0.93382,0.92334,0.8923,0.31486,0.34356,0.87039,0.000927159,0.000927159,0.000927159
81,2117.69,0.48504,0.38077,1.00325,0.96291,0.91176,0.93581,0.9077,0.32085,0.37817,0.87495,0.000906517,0.000906517,0.000906517
82,2143.57,0.49157,0.39312,1.00472,0.96235,0.93976,0.9483,0.91383,0.31854,0.34991,0.8707,0.00088592,0.00088592,0.00088592
83,2175.7,0.48627,0.38629,1.0005,0.96129,0.94118,0.93718,0.91024,0.31093,0.35062,0.8584,0.000865378,0.000865378,0.000865378
84,2204.15,0.48768,0.38197,1.00699,0.96089,0.93382,0.95439,0.90926,0.38669,0.36133,0.88697,0.000844899,0.000844899,0.000844899
85,2230.09,0.4784,0.38445,0.99663,0.95487,0.93348,0.95194,0.90995,0.37341,0.36723,0.88002,0.000824492,0.000824492,0.000824492
86,2258.19,0.48222,0.3725,0.99583,0.96179,0.93382,0.93881,0.90575,0.31118,0.34388,0.86,0.000804167,0.000804167,0.000804167
87,2286.45,0.47869,0.3726,0.9971,0.95371,0.92647,0.94654,0.91752,0.33532,0.34355,0.8846,0.000783933,0.000783933,0.000783933
88,2314.83,0.49246,0.37875,1.01039,0.94606,0.90271,0.93649,0.90498,0.31847,0.40295,0.86747,0.000763797,0.000763797,0.000763797
89,2340.22,0.4808,0.37648,0.99673,0.95521,0.94082,0.94967,0.91999,0.2788,0.34346,0.84435,0.000743769,0.000743769,0.000743769
90,2372.4,0.48163,0.37234,1.00822,0.96195,0.94118,0.94348,0.91538,0.30229,0.33081,0.86579,0.000723859,0.000723859,0.000723859
91,2400.69,0.46599,0.35845,0.99015,0.95243,0.93382,0.95422,0.92298,0.30078,0.32785,0.86723,0.000704073,0.000704073,0.000704073
92,2427.33,0.4716,0.35594,0.98902,0.96142,0.93382,0.94501,0.91006,0.33609,0.35651,0.88878,0.000684422,0.000684422,0.000684422
93,2456.06,0.46061,0.36187,0.99218,0.96205,0.93196,0.95138,0.9181,0.29915,0.32382,0.87168,0.000664914,0.000664914,0.000664914
94,2484.8,0.47251,0.36397,0.99695,0.96232,0.93896,0.94913,0.90986,0.29672,0.34855,0.85713,0.000645557,0.000645557,0.000645557
95,2510.57,0.46553,0.36421,0.99521,0.95428,0.93382,0.94728,0.91828,0.29099,0.34862,0.84577,0.00062636,0.00062636,0.00062636
96,2538.71,0.45203,0.35137,0.9851,0.9621,0.94118,0.95462,0.92502,0.26361,0.34082,0.83804,0.000607331,0.000607331,0.000607331
97,2571.63,0.45756,0.34934,0.98606,0.9472,0.93382,0.94891,0.89244,0.34162,0.33993,0.86502,0.000588479,0.000588479,0.000588479
98,2600.13,0.45722,0.35577,0.98678,0.9613,0.93382,0.94547,0.91889,0.32,0.33817,0.84843,0.000569811,0.000569811,0.000569811
99,2626.24,0.44242,0.34883,0.97623,0.96152,0.93382,0.94426,0.91912,0.27932,0.33758,0.84262,0.000551337,0.000551337,0.000551337
100,2654.92,0.43423,0.35314,0.97703,0.96239,0.94066,0.94338,0.90527,0.30123,0.34922,0.85576,0.000533064,0.000533064,0.000533064
101,2683.31,0.4424,0.34904,0.98045,0.95386,0.93382,0.95217,0.92326,0.28499,0.34787,0.85256,0.000515,0.000515,0.000515
102,2709.26,0.45029,0.3512,0.98363,0.95393,0.94118,0.95553,0.91852,0.29951,0.34074,0.85883,0.000497153,0.000497153,0.000497153
103,2737.81,0.43585,0.33505,0.98017,0.9613,0.94118,0.95137,0.9259,0.28793,0.34982,0.85737,0.000479531,0.000479531,0.000479531
104,2763.72,0.45423,0.34636,0.9862,0.96237,0.94013,0.95355,0.92846,0.29549,0.34455,0.85392,0.000462142,0.000462142,0.000462142
105,2789.63,0.43536,0.34549,0.98881,0.96184,0.94853,0.94312,0.90932,0.3056,0.33953,0.84938,0.000444994,0.000444994,0.000444994
106,2816.19,0.42691,0.3198,0.97135,0.95554,0.94818,0.95229,0.92253,0.28655,0.33912,0.84489,0.000428093,0.000428093,0.000428093
107,2842.07,0.43845,0.34336,0.97924,0.96108,0.94853,0.94702,0.91663,0.28475,0.33109,0.84145,0.000411447,0.000411447,0.000411447
108,2867.98,0.43212,0.32657,0.98488,0.96144,0.93382,0.94775,0.91653,0.2957,0.34046,0.84546,0.000395064,0.000395064,0.000395064
109,2894.02,0.43123,0.32841,0.97591,0.96147,0.93382,0.94552,0.91972,0.26923,0.32277,0.83507,0.00037895,0.00037895,0.00037895
110,2920.14,0.42891,0.32851,0.97129,0.96238,0.94057,0.95079,0.92584,0.24904,0.31652,0.83012,0.000363114,0.000363114,0.000363114
111,2946.46,0.41996,0.31428,0.96575,0.96128,0.93382,0.94652,0.92761,0.25493,0.34042,0.83126,0.000347561,0.000347561,0.000347561
112,2972.44,0.41998,0.3263,0.96677,0.95372,0.93382,0.94461,0.92471,0.2536,0.33873,0.83305,0.000332298,0.000332298,0.000332298
113,2998.69,0.43334,0.33857,0.98177,0.96163,0.93382,0.94153,0.92251,0.25027,0.32096,0.828,0.000317333,0.000317333,0.000317333
114,3024.9,0.43265,0.3308,0.98168,0.95985,0.92647,0.94373,0.9227,0.23796,0.33216,0.82237,0.000302672,0.000302672,0.000302672
115,3050.61,0.41687,0.32141,0.96946,0.96157,0.93382,0.94068,0.92098,0.24893,0.33819,0.83194,0.000288321,0.000288321,0.000288321
116,3077.19,0.42314,0.32404,0.98199,0.96238,0.94061,0.94773,0.92679,0.241,0.29481,0.8246,0.000274287,0.000274287,0.000274287
117,3102.82,0.42492,0.32981,0.97266,0.96138,0.93382,0.95028,0.9219,0.25458,0.31024,0.83313,0.000260575,0.000260575,0.000260575
118,3128.05,0.40773,0.31417,0.96743,0.96097,0.93382,0.9518,0.92866,0.24789,0.28789,0.82715,0.000247192,0.000247192,0.000247192
119,3153.37,0.41294,0.30601,0.97052,0.96116,0.92647,0.94889,0.93027,0.23054,0.29302,0.82519,0.000234143,0.000234143,0.000234143
120,3178.65,0.41432,0.31666,0.96233,0.96057,0.92647,0.95144,0.92818,0.24976,0.29822,0.83275,0.000221435,0.000221435,0.000221435
121,3203.93,0.41792,0.32564,0.97168,0.96209,0.93295,0.95352,0.93498,0.23099,0.29191,0.82241,0.000209073,0.000209073,0.000209073
122,3229.2,0.41415,0.31452,0.97089,0.96186,0.94118,0.95411,0.93147,0.25699,0.27882,0.82553,0.000197062,0.000197062,0.000197062
123,3254.4,0.40816,0.31011,0.96742,0.9609,0.93382,0.95041,0.93066,0.23809,0.28697,0.82111,0.000185408,0.000185408,0.000185408
124,3279.88,0.41653,0.30956,0.97091,0.96124,0.92647,0.94951,0.92851,0.24398,0.30091,0.82758,0.000174115,0.000174115,0.000174115
125,3305.11,0.40427,0.30739,0.96517,0.96069,0.92647,0.95205,0.93185,0.23678,0.29266,0.82396,0.000163189,0.000163189,0.000163189
126,3330.37,0.40426,0.31181,0.96677,0.96182,0.92614,0.94883,0.92869,0.23668,0.30385,0.82454,0.000152635,0.000152635,0.000152635
127,3355.66,0.39975,0.30264,0.96302,0.96109,0.92647,0.9503,0.92801,0.2302,0.29891,0.82362,0.000142456,0.000142456,0.000142456
128,3380.92,0.40843,0.31236,0.96381,0.96025,0.92647,0.94866,0.92897,0.22902,0.29236,0.82216,0.000132658,0.000132658,0.000132658
129,3406.03,0.39958,0.30168,0.96414,0.9616,0.93382,0.94923,0.92878,0.22874,0.28969,0.82219,0.000123245,0.000123245,0.000123245
130,3431.28,0.40295,0.30784,0.96705,0.96083,0.92647,0.95158,0.9333,0.23809,0.2963,0.82418,0.000114221,0.000114221,0.000114221
131,3456.8,0.39061,0.29879,0.95563,0.96092,0.92647,0.94908,0.92884,0.23375,0.29892,0.82387,0.00010559,0.00010559,0.00010559
132,3482.31,0.39792,0.29791,0.96694,0.96093,0.92647,0.94952,0.92893,0.22859,0.29414,0.82338,9.73555e-05,9.73555e-05,9.73555e-05
133,3507.84,0.39706,0.29734,0.95896,0.96085,0.92647,0.94798,0.92582,0.23037,0.30237,0.82468,8.95213e-05,8.95213e-05,8.95213e-05
134,3533.66,0.39425,0.29827,0.96816,0.96087,0.92647,0.94796,0.92264,0.23809,0.31622,0.82721,8.20908e-05,8.20908e-05,8.20908e-05
135,3559.38,0.39124,0.28988,0.9603,0.96208,0.93273,0.94649,0.92326,0.24007,0.30785,0.82621,7.50674e-05,7.50674e-05,7.50674e-05
136,3585.09,0.38686,0.2968,0.95654,0.96078,0.92647,0.9484,0.92508,0.24007,0.30886,0.82681,6.8454e-05,6.8454e-05,6.8454e-05
137,3610.77,0.38831,0.29922,0.95535,0.96067,0.92647,0.94679,0.92577,0.24338,0.30768,0.82776,6.22537e-05,6.22537e-05,6.22537e-05
138,3636.78,0.39119,0.29414,0.96077,0.96027,0.92647,0.94433,0.92469,0.24323,0.30774,0.82706,5.64691e-05,5.64691e-05,5.64691e-05
139,3662.81,0.39055,0.2985,0.96497,0.96022,0.92647,0.94499,0.92521,0.23688,0.29966,0.82815,5.11027e-05,5.11027e-05,5.11027e-05
140,3688.95,0.3886,0.29273,0.95479,0.96043,0.92647,0.94511,0.92846,0.24153,0.30313,0.8285,4.61569e-05,4.61569e-05,4.61569e-05
141,3732.49,0.37034,0.24848,0.9319,0.95658,0.91912,0.93788,0.91526,0.25615,0.32963,0.83578,4.16339e-05,4.16339e-05,4.16339e-05
142,3757.68,0.38662,0.24796,0.94285,0.95643,0.91912,0.93121,0.91019,0.25955,0.3184,0.83919,3.75356e-05,3.75356e-05,3.75356e-05
143,3782.9,0.3796,0.24647,0.92686,0.95852,0.91912,0.92846,0.90532,0.2607,0.30851,0.83907,3.38639e-05,3.38639e-05,3.38639e-05
144,3808.43,0.3642,0.24069,0.92665,0.95398,0.91912,0.93034,0.90715,0.26444,0.31664,0.83953,3.06204e-05,3.06204e-05,3.06204e-05
145,3833.83,0.35655,0.23666,0.91158,0.95251,0.91912,0.93191,0.90878,0.25985,0.31396,0.83862,2.78064e-05,2.78064e-05,2.78064e-05
146,3859.43,0.36411,0.23771,0.9184,0.96146,0.91709,0.93154,0.90713,0.25939,0.3181,0.84035,2.54233e-05,2.54233e-05,2.54233e-05
147,3885.11,0.35962,0.23295,0.91821,0.96099,0.91912,0.93195,0.90696,0.25936,0.31631,0.83825,2.34721e-05,2.34721e-05,2.34721e-05
148,3910.41,0.36551,0.23595,0.92229,0.96063,0.91912,0.93126,0.90726,0.25705,0.31477,0.83767,2.19535e-05,2.19535e-05,2.19535e-05
149,3935.79,0.36565,0.23908,0.91894,0.9525,0.91912,0.93148,0.90829,0.25704,0.31524,0.83649,2.08684e-05,2.08684e-05,2.08684e-05
150,3961.14,0.36519,0.24007,0.92291,0.96147,0.91742,0.93151,0.90645,0.26095,0.31688,0.83549,2.02171e-05,2.02171e-05,2.02171e-05
